,title,sentiment_polarity
0,Avatar,0.13116318257765625
1,Pirates of the Caribbean: At World's End,0.03354499072356215
2,The Dark Knight Rises,0.05730272252999521
3,John Carter,0.19854417670682728
4,Spider-Man 3,0.1548164636051234
5,Tangled,0.09732794211960878
6,Batman v Superman: Dawn of Justice,0.06731704803133376
7,Superman Returns,0.07960430753819184
8,The Lone Ranger,0.04863534902597401
9,The Avengers,0.08674034299034297
10,The Avengers,0.08674034299034297
11,Pirates of the Caribbean: On Stranger Tides,0.14297376965140124
12,Men in Black 3,0.025237214336051552
13,The Amazing Spider-Man,0.17240275256404292
14,Titanic,0.1975160561948128
15,Captain America: Civil War,0.11449951283284611
16,Battleship,0.12595811051693404
17,Jurassic World,0.05833132916466251
18,Spider-Man 2,0.09030331510594668
19,Alice in Wonderland,0.07221787090343793
20,Monsters University,0.12177150974025978
21,Transformers: Revenge of the Fallen,0.08400406487755889
22,Transformers: Age of Extinction,0.01617630385487528
23,Oz: The Great and Powerful,0.17887301587301596
24,The Amazing Spider-Man 2,0.12387990549755255
25,Cars 2,0.1219854863333124
26,Green Lantern,0.024061061293204147
27,Toy Story 3,0.1510563973063973
28,World War Z,0.10740300487135927
29,Star Trek Into Darkness,0.12565149372080062
30,The Great Gatsby,0.14210424561664234
31,Prince of Persia: The Sands of Time,0.11286833855799372
32,Pacific Rim,0.09012618155876578
33,Transformers: Dark of the Moon,0.02970338277541667
34,Indiana Jones and the Kingdom of the Crystal Skull,0.1303020302030203
35,The Good Dinosaur,0.17788658474142338
36,Brave,0.17898854203900072
37,Star Trek Beyond,0.1125209116280545
38,Rush Hour 3,0.0018286311389759898
39,Jupiter Ascending,0.1482165150704476
40,X-Men: Apocalypse,0.1145450036075036
41,Up,0.17256737130113745
42,Iron Man,0.11162250815028595
43,Wild Wild West,0.10142705166069642
44,Suicide Squad,0.11069696969696967
45,Evan Almighty,0.15922291092745638
46,Waterworld,0.10681915595978098
47,Inside Out,0.12795044461711133
48,Iron Man 2,0.06049048039339301
49,Snow White and the Huntsman,0.129082325983809
50,Maleficent,0.15086111937256969
51,Dawn of the Planet of the Apes,0.12750678897821752
52,47 Ronin,-0.005002088554720136
53,Captain America: The Winter Soldier,0.13426190578968353
54,Shrek Forever After,0.13559071729957808
55,Tomorrowland,0.16244260789715326
56,Big Hero 6,0.11788465891407067
57,Wreck-It Ralph,0.02382908562486028
58,Independence Day: Resurgence,0.13876446058649447
59,How to Train Your Dragon,0.14132846320346318
60,The Curious Case of Benjamin Button,0.18301939107724224
61,X-Men: First Class,0.020426716141001864
62,The Sorcerer's Apprentice,0.08726169663669667
63,Poseidon,0.13556488801054015
64,Shrek the Third,0.11788888888888886
65,The Chronicles of Narnia: The Voyage of the Dawn Treader,0.10701328763828762
66,Pearl Harbor,0.07439510872269496
67,Transformers,0.03359778866357814
68,Hancock,0.1204713804713805
69,I Am Legend,0.11298713883016208
70,Ratatouille,0.21105808080808075
71,Madagascar: Escape 2 Africa,0.08271562745246956
72,Night at the Museum: Battle of the Smithsonian,0.17388436604854512
73,X-Men Origins: Wolverine,0.05351000495231265
74,The Matrix Revolutions,0.059265183789640304
75,Frozen,0.11628960841289607
76,Frozen,0.11628960841289607
77,Thor: The Dark World,-0.007796972419613931
78,Thor,0.11593648967066689
79,Bolt,0.113600332594235
80,G-Force,0.061499552872792296
81,Bee Movie,0.1392454642735541
82,Kung Fu Panda 2,0.08767605633802816
83,The Last Airbender,0.08051327088212334
84,White House Down,0.06915844957511624
85,Mars Needs Moms,0.22101449275362314
86,Pan,0.10590225563909776
87,Mr. Peabody & Sherman,0.07320555127932178
88,Troy,0.1052513227513227
89,Madagascar 3: Europe's Most Wanted,0.21452020202020203
90,Ghostbusters,0.20780479210711764
91,Armageddon,0.13743848257006155
92,Men in Black II,0.05514605514605514
93,Beowulf,0.13028716429201864
94,Rise of the Guardians,0.050420099613648
95,Spider-Man,0.1492418495958319
96,How to Train Your Dragon 2,0.09063303845912543
97,Stealth,0.1206836219336219
98,Watchmen,-0.0018974059794372312
99,Lethal Weapon 4,0.07631717171717173
100,G.I. Joe: Retaliation,0.033134920634920635
101,Captain America: The First Avenger,0.16183047079388543
102,Master and Commander: The Far Side of the World,0.1320293124954142
103,The Incredible Hulk,0.1431552583502125
104,Turbo,0.10511019283746555
105,Rango,0.11858234198751438
106,Penguins of Madagascar,0.05712011418533157
107,Kung Fu Panda,0.15540987171124157
108,Ant-Man,0.13196897546897549
109,The Hunger Games: Catching Fire,0.17858421881149156
110,Home,0.16430785123966943
111,Bad Boys II,-0.06120670995670995
112,Salt,0.03358389085661812
113,Noah,0.10795827735482906
114,After Earth,0.10258503401360544
115,Dinosaur,0.1418567251461988
116,Megamind,0.021744570441378955
117,R.I.P.D.,0.06254689754689756
118,Pirates of the Caribbean: The Curse of the Black Pearl,0.1021858623832308
119,The Da Vinci Code,0.11332661025842841
120,Rio 2,0.13749999999999998
121,Fast Five,0.06819807735300693
122,Sherlock Holmes: A Game of Shadows,-0.05935517970401692
123,Clash of the Titans,0.17727089294885906
124,Total Recall,0.04712878196484754
125,Total Recall,0.04712878196484754
126,The 13th Warrior,0.04847535505430242
127,The Bourne Legacy,0.0793327179356591
128,The Day After Tomorrow,0.1350093795093795
129,The Perfect Storm,0.18787775716347144
130,Life of Pi,0.18431722689075627
131,Ghost Rider,0.18911111111111112
132,Charlie's Angels: Full Throttle,0.11024982911825017
133,Stuart Little 2,0.06503062247337055
134,Elysium,0.08813148329657763
135,The Chronicles of Riddick,-0.03360791458892724
136,How Do You Know,0.1443272252861294
137,Knight and Day,0.09667303546933177
138,Oblivion,0.09159174159174163
139,"Monsters, Inc.",0.13718060064935064
140,Star Wars: Episode I - The Phantom Menace,0.15912433155080222
141,The Croods,0.1480108971488282
142,Windtalkers,0.10469576719576715
143,Teenage Mutant Ninja Turtles,0.07417794970986462
144,Dante's Peak,0.10692968647514099
145,Fantastic Four,0.08362264329477447
146,Night at the Museum,0.11164543562084546
147,Gulliver's Travels,0.11816742654508612
148,The Green Hornet,0.08004891394837045
149,The Smurfs,-0.003073593073593079
150,Home on the Range,0.04420255183413078
151,Allegiant,-0.06517857142857143
152,The Smurfs 2,0.11120657120657122
153,Speed 2: Cruise Control,0.2266050333846944
154,Ender's Game,-0.0001247165532879838
155,Ali,0.10305937068526996
156,"I, Robot",0.130950599469118
157,The Princess and the Frog,0.09396608278552719
158,The Martian,0.10020531937198604
159,Minority Report,0.07475835999749042
160,Planet of the Apes,0.07917879583233911
161,Public Enemies,0.12464497109401575
162,Little Fockers,0.1313969527204821
163,The Other Guys,0.0919680130475585
164,Django Unchained,0.07814446702201804
165,The Hunchback of Notre Dame,0.12146682682396966
166,The Emperor's New Groove,-0.003220279720279726
167,Where the Wild Things Are,0.10251333487940625
168,Epic,0.09482782369146005
169,End of Days,0.047735690235690235
170,The Wolf of Wall Street,0.03684687284311345
171,Starship Troopers,0.09242325135182279
172,Catwoman,0.11856977513227512
173,Hercules,-0.026449275362318864
174,Hercules,-0.026449275362318864
175,Treasure Planet,0.05167881646655231
176,Land of the Lost,0.12203548085901028
177,In the Heart of the Sea,0.12982978279030907
178,The Peanuts Movie,0.1819319131161236
179,The Spanish Prisoner,0.18525534851621808
180,The Mummy Returns,0.02474459642012835
181,Gangs of New York,0.11756112477266324
182,Surf's Up,0.16008522727272728
183,The Stepford Wives,0.11804450757575757
184,The Campaign,0.07946847753185785
185,Sex and the City 2,0.1500264764996908
186,The Road to El Dorado,0.0662673004079254
187,Ice Age: Continental Drift,0.1838024037366143
188,Finding Nemo,0.07441951987406532
189,Lara Croft: Tomb Raider,0.11772220395638115
190,Jurassic Park III,0.12477731459212939
191,Rise of the Planet of the Apes,0.18181493181493177
192,The Spiderwick Chronicles,0.10840630329266693
193,A Good Day to Die Hard,0.09558972773258485
194,The Alamo,0.05931786216596345
195,Men in Black,0.12562657446132022
196,Toy Story 2,0.18498749398749398
197,Unstoppable,0.08497357620734244
198,Rush Hour 2,0.12141873278236916
199,What Lies Beneath,0.07981873389768128
200,Ice Age: Dawn of the Dinosaurs,0.07228721033868092
201,The Secret Life of Walter Mitty,0.09982453102453098
202,Charlie's Angels,0.1023611525766698
203,Mulan,0.11660841035841034
204,Tropic Thunder,-0.021741021324354654
205,Ben-Hur,0.062253579753579764
206,Alvin and the Chipmunks: The Road Chip,0.09099025974025973
207,Pixels,0.1250919913419913
208,A.I. Artificial Intelligence,0.12808407948159498
209,The Haunted Mansion,0.13279645191409897
210,Contact,0.11332462087179074
211,Percy Jackson: Sea of Monsters,0.28666666666666657
212,Lara Croft Tomb Raider: The Cradle of Life,0.155395794681509
213,The Saint,0.06935483870967743
214,Mission to Mars,0.07031261866788183
215,Rio,0.12938311688311688
216,The Devil's Own,0.1603203463203463
217,Seabiscuit,0.13384325485389315
218,Twister,0.12632569811141242
219,Cast Away,0.07285414794848757
220,Ocean's Eleven,0.17748692279942277
221,The Three Musketeers,-0.048959938366718025
222,The Three Musketeers,-0.048959938366718025
223,Hotel Transylvania,0.052850877192982454
224,Enchanted,0.20615527043237877
225,Safe House,0.15468594104308395
226,102 Dalmatians,0.171387987012987
227,Tower Heist,0.12099221700285528
228,Enemy of the State,0.14851020408163262
229,It's Complicated,0.13115417964102175
230,Open Season,0.06990243342516071
231,Open Season,0.06990243342516071
232,Divergent,0.09755931046253631
233,The Rundown,0.049843576176909515
234,Last Action Hero,0.1462592191758858
235,Meet Joe Black,0.1460128495842781
236,Collateral Damage,0.02055814555814556
237,Mirror Mirror,0.15876554001554005
238,Scott Pilgrim vs. the World,0.1043726591760299
239,Nutty Professor II: The Klumps,0.13394319131161234
240,Scooby-Doo,0.0937392426850258
241,Click,0.030003279548734087
242,Zodiac,0.1425695542883042
243,The 6th Day,0.09413670568561869
244,Bruce Almighty,0.05336397538204766
245,The Expendables,0.03993789614042781
246,Mission: Impossible,0.05159577922077921
247,The Hunger Games,0.007292240587695141
248,The Hangover Part II,0.0756158524015667
249,Over the Hedge,0.14253633271490418
250,Deep Impact,0.1453462709284627
251,Alvin and the Chipmunks: Chipwrecked,0.08006198347107438
252,Grown Ups 2,0.12637413091958544
253,Something's Gotta Give,0.14859514687100897
254,Shutter Island,-0.0060383597883597725
255,Four Christmases,0.16674025974025974
256,Face/Off,0.19994178349682937
257,Bedtime Stories,0.07376543209876545
258,Road to Perdition,0.059482790871679736
259,Con Air,0.07115440115440114
260,Eagle Eye,0.11232004429678849
261,Cold Mountain,0.022007649213531568
262,The Book of Eli,0.06988365800865799
263,Flubber,0.1593359582668793
264,The Haunting,0.20419101731601733
265,Space Jam,0.11019764835554309
266,Conspiracy Theory,0.09457658887006716
267,Yogi Bear,0.11330819717916495
268,Spirit: Stallion of the Cimarron,0.13441776135741648
269,Lost in Space,0.19636576221397645
270,The Manchurian Candidate,0.047987248258987376
271,Hotel Transylvania 2,0.05589999999999999
272,Fantasia 2000,0.16525265409193984
273,Mars Attacks!,0.13120534084389507
274,The Edge,0.12946042941732597
275,Surrogates,0.03329124579124579
276,Thirteen Days,0.10177819865319863
277,Daylight,0.12477377946127947
278,Battlefield Earth,-0.008307260920897288
279,Timeline,0.003086419753086418
280,The Postman,0.02885036808765623
281,The Last Witch Hunter,0.10784313725490197
282,A Beautiful Mind,0.14302835009601925
283,The Lion King,0.2034982882041706
284,Hidalgo,0.12460858585858584
285,Jack and Jill,0.0967873611895351
286,2 Fast 2 Furious,0.10612436048799685
287,The Invasion,0.016132478632478627
288,The Secret Life of Pets,0.10080535599152618
289,Despicable Me 2,0.01747234247234247
290,Independence Day,0.10524065960812952
291,The Lost World: Jurassic Park,0.08016465242074997
292,X-Men,0.08921703296703291
293,The Rock,0.08775522158254116
294,50 First Dates,0.17727656024531024
295,Exorcist: The Beginning,0.09598472823472819
296,Now You See Me,0.1818185575998076
297,Grown Ups,0.07615936147186146
298,The Terminal,0.1287115627428127
299,Hotel for Dogs,0.10468750000000003
300,Charlie Wilson's War,0.08111379754996775
301,Dreamgirls,0.175750117937618
302,Tears of the Sun,-0.010743225028939315
303,Killers,0.03622023809523809
304,The Man from U.N.C.L.E.,0.14432657859381998
305,Monster House,0.002556123530149511
306,Bandits,0.20199893390191895
307,First Knight,0.11579098811241673
308,Immortals,-0.14141414141414144
309,Hollywood Homicide,0.12261904761904761
310,Soldier,-0.04158072319837025
311,Monkeybone,0.14066786283891544
312,Unbreakable,0.11976325757575762
313,Minions,0.05831793545208179
314,Sucker Punch,0.00791581225791752
315,Sphere,0.10188149096599801
316,Fool's Gold,0.09210662525879919
317,Funny People,0.16195389266817833
318,Talladega Nights: The Ballad of Ricky Bobby,0.1769682211727666
319,Dr. Dolittle 2,0.05775694411182425
320,Braveheart,0.10038177339901475
321,The Simpsons Movie,0.08824798054179497
322,The Majestic,0.04157986111111111
323,The Village,0.07912698412698416
324,Signs,0.039950154012654004
325,Shrek 2,0.12802238411994507
326,Cars,0.1559028348585311
327,Runaway Bride,0.18387594650481245
328,Ransom,0.10737114158989164
329,Hook,0.16100117096018743
330,S.W.A.T.,0.1039267676767677
331,Vanilla Sky,0.1621642360371868
332,Lady in the Water,0.17398394660894664
333,Alvin and the Chipmunks: The Squeakquel,-0.00502601775329049
334,Olympus Has Fallen,-0.06128376496797549
335,Star Trek: Insurrection,0.15291317628979964
336,Battle: Los Angeles,0.08399350649350651
337,Big Fish,0.11598484848484844
338,War Horse,0.09161729783777024
339,Dracula Untold,0.20563909774436093
340,The Siege,0.028153382565147267
341,The Dilemma,0.08028358951654405
342,Bad Company,0.007350948509485118
343,Bad Company,0.007350948509485118
344,I Spy,0.14176053770790614
345,Underworld: Awakening,0.08862626262626264
346,Rock of Ages,0.03391562685680333
347,Hart's War,0.03860074524631488
348,Osmosis Jones,0.03570844499415928
349,Blackhat,0.12725862572801347
350,Escape Plan,-0.10225694444444444
351,The Legend of Hercules,0.1380905832518736
352,The Sum of All Fears,0.051694742455612036
353,The Twilight Saga: Eclipse,0.12349842967490025
354,Despicable Me,0.07138228879706153
355,Money Train,-0.007878415444204919
356,Ted 2,0.057670594010800186
357,Mystery Men,0.08233225108225109
358,Hall Pass,0.10354646756161907
359,The Insider,0.0716587654087654
360,The Finest Hours,0.12546897546897548
361,Body of Lies,0.11391733951355662
362,Dinner for Schmucks,0.06451178451178452
363,Abraham Lincoln: Vampire Hunter,0.10495522995522993
364,Saving Private Ryan,0.05992812579577283
365,What Women Want,0.10995155638012784
366,What Women Want,0.10995155638012784
367,Ice Age,0.1285815614124438
368,Dreamcatcher,0.04706849602010892
369,Apollo 13,0.19660879244212578
370,The Santa Clause 2,0.12040146361574933
371,You've Got Mail,0.22649947404620302
372,Step Brothers,0.1097827590978276
373,The Mask of Zorro,0.07846481876332621
374,Due Date,0.04929586874031318
375,Unbroken,0.15569966583124473
376,Space Cowboys,0.12955833848690992
377,Broken Arrow,-0.010117133433459964
378,World Trade Center,0.025312280972995246
379,The Dictator,0.060441017316017316
380,Annie,0.06426987263943788
381,Focus,0.14179885124915242
382,This Means War,0.21795822102425869
383,The Long Kiss Goodnight,0.010043276378503652
384,We Are Marshall,-0.01786195286195287
385,Hudson Hawk,-0.033819879832810866
386,"I, Frankenstein",0.07624926513815404
387,Random Hearts,0.14568954128813277
388,Austin Powers in Goldmember,-0.006026562434329434
389,Jurassic Park,0.17614046633443192
390,Wyatt Earp,0.09791876193391344
391,Clear and Present Danger,0.12053432678432678
392,Little Man,0.04422123015873017
393,The American President,0.1676537613330066
394,The Love Guru,0.1074635960009935
395,The Hateful Eight,0.09600725472285102
396,Marley & Me,0.07815101565101562
397,The Green Mile,0.1147257834757835
398,Wild Hogs,0.10897163120567374
399,Gone Girl,0.09651974288337924
400,The Bourne Identity,0.10494655004859085
401,The Truman Show,0.2625946067821068
402,The Prince of Egypt,0.1321154182517819
403,Daddy Day Care,0.09369791666666669
404,2 Guns,0.10174048978396807
405,Cats & Dogs,0.08724560071962668
406,Antz,0.2020365693976805
407,Couples Retreat,0.059657622739018076
408,Days of Thunder,0.1697722926337384
409,Maze Runner: The Scorch Trials,0.04641433128275233
410,Eat Pray Love,0.16812526183493923
411,Any Given Sunday,0.06694068343004514
412,The Horse Whisperer,0.11751643418310086
413,Collateral,0.131110312990844
414,The Scorpion King,0.04379424828643579
415,Jack Reacher,0.04147644242882338
416,Contagion,0.025070546737213418
417,Coraline,0.11708254292523952
418,The Happening,0.06516495126189005
419,Starsky & Hutch,0.1454844511366251
420,Jingle All the Way,0.15643147502903598
421,Hellboy,0.06906358432332457
422,A Civil Action,0.1457366071428571
423,ParaNorman,0.133675799086758
424,The Jackal,0.03972701149425289
425,Under Siege 2: Dark Territory,0.07656641604010025
426,Joy,0.24308859269385596
427,Shooter,0.0729676104676105
428,The Boxtrolls,0.08544314108830241
429,Practical Magic,0.27156274524695573
430,The Lego Movie,0.15261286332714907
431,Gangster Squad,-0.028053938398765996
432,Year One,-0.02954074719318621
433,Invictus,0.08666973144849252
434,My Favorite Martian,0.25830342902711323
435,Star Trek: Nemesis,0.11182333539476395
436,Intolerable Cruelty,0.17960597516518564
437,Righteous Kill,0.11277929060187124
438,The Soloist,0.13824027712581927
439,The Legend of Bagger Vance,0.0166423853923854
440,Almost Famous,0.1648504273504274
441,Priest,0.17380952380952383
442,Priest,0.17380952380952383
443,Sinbad: Legend of the Seven Seas,0.23980186480186477
444,The Last Castle,0.09132760699216393
445,Winter's Tale,0.18301849665486028
446,The Mortal Instruments: City of Bones,0.053447691197691216
447,Meet Dave,0.09200784440146141
448,The Spirit,0.13080357142857146
449,Mortdecai,0.0654861111111111
450,Deadpool,0.11341126529482695
451,American Sniper,0.07522597001763667
452,The Flintstones in Viva Rock Vegas,0.12364612511671334
453,Did You Hear About the Morgans?,0.15266873278236914
454,The Internship,0.09397508519848945
455,Red Tails,0.18166666666666673
456,That's My Boy,0.1327539682539683
457,Walking Tall,0.1340879574970484
458,Forrest Gump,0.21710370089680442
459,Alvin and the Chipmunks,0.051754385964912275
460,Meet the Parents,0.20254122861265716
461,Pocahontas,0.14366850321395777
462,The Nutty Professor,0.1643877451913166
463,American Wedding,0.07254616132167153
464,Captain Phillips,0.010645292207792208
465,Date Night,0.07108421881149153
466,Casper,0.09797339565196711
467,The Equalizer,-0.01997619047619046
468,Maid in Manhattan,0.15688262836700337
469,Crimson Tide,0.09669160997732423
470,The Pursuit of Happyness,0.16957742316784877
471,Disclosure,0.15073213336371227
472,City of Angels,0.06792976939203355
473,Death Becomes Her,0.13835632232691056
474,Executive Decision,0.023214285714285732
475,Mr. Popper's Penguins,0.150233860342556
476,Free Birds,0.1382900432900433
477,Evita,0.1811688311688312
478,The Watch,-0.0789367335562988
479,The Hunted,0.10440293274800315
480,The Hunted,0.10440293274800315
481,Stuck on You,0.14302489177489178
482,Semi-Pro,0.1037659200702679
483,Changeling,-0.030124467369365335
484,Chain Reaction,0.10828107758254817
485,The Fan,-0.11560306454374256
486,Gods and Generals,0.07189153439153441
487,Turbulence,0.0747560188349662
488,Muppets Most Wanted,0.06180555555555556
489,Burlesque,0.13903280564464773
490,Seven Pounds,0.12481006647673315
491,"You, Me and Dupree",0.1772014885699096
492,Gigli,0.13676629742806212
493,Anastasia,0.034813296903460834
494,Domestic Disturbance,-0.005365565233986298
495,Flags of Our Fathers,0.026368943556443567
496,Law Abiding Citizen,0.04624011254446036
497,Grindhouse,0.09458698278465716
498,Lucky You,0.08896753246753243
499,Catch Me If You Can,0.1539444214178257
500,Zero Dark Thirty,-0.017266186719829095
501,The Break-Up,0.07671717171717173
502,Valentine's Day,0.15497729394788226
503,The Change-Up,0.045356978879706175
504,Man on the Moon,0.25634648370497426
505,Shrek,0.0691198347107438
506,The Adjustment Bureau,0.16643299881936244
507,Robin Hood: Prince of Thieves,0.014363414363414363
508,Jerry Maguire,0.1708654729109274
509,Ted,0.02058599695585997
510,Patch Adams,0.19812801932367147
511,Anchorman 2: The Legend Continues,0.044383328442734384
512,Mr. Deeds,0.051810245310245306
513,Super 8,0.15220259043788456
514,Erin Brockovich,0.07369953416149068
515,22 Jump Street,0.187631339853562
516,Yes Man,0.0648989898989899
517,Central Intelligence,0.046344086021505373
518,Daddy's Home,-0.10916666666666669
519,Into the Woods,0.0819610243852668
520,Payback,-0.026452020202020206
521,Congo,0.06985677783754705
522,We Bought a Zoo,0.1660920428777572
523,Garfield,0.16332428347514555
524,Moneyball,0.06752821801550611
525,Outbreak,0.06953690861457854
526,Race to Witch Mountain,0.16265747039556563
527,Unfaithful,0.07690320883598194
528,I Am Number Four,-0.03815555555555556
529,Absolute Power,0.15103161564004935
530,G.I. Jane,0.09870349017545275
531,The Game,0.056288860178283245
532,American Reunion,0.07300097751710656
533,Into the Storm,-0.016817838246409672
534,Beverly Hills Cop III,0.14005084862227718
535,Gremlins 2: The New Batch,0.10166779401154406
536,The Judge,0.15759021868935658
537,Out of Time,0.20306637806637803
538,On Deadly Ground,0.0505952380952381
539,Raising Helen,0.15173094582185495
540,Striptease,0.1601197596263386
541,Marmaduke,0.13784722222222223
542,Hereafter,0.077473567450203
543,The Story of Us,0.06903928571428572
544,The Host,0.04397978229499968
545,The Host,0.04397978229499968
546,Basic,0.020948507632718168
547,Blood Work,-0.04817949076013592
548,The Iron Giant,-0.021468311953386582
549,Free State of Jones,0.05939959238928312
550,Run All Night,0.10035419126328217
551,Your Highness,0.08675705467372131
552,Mad City,0.13153420364357862
553,Baby's Day Out,0.06342592592592594
554,The Scarlet Letter,0.17849490273101384
555,Fair Game,0.1521994625224962
556,Fair Game,0.1521994625224962
557,Jade,0.09390921409214094
558,Gamer,-0.11479732388823295
559,Beautiful Creatures,0.195232202982203
560,Zoolander 2,0.07631396381396383
561,The Big Bounce,0.054266126289935816
562,Drive Angry,-0.02327777777777778
563,The One,0.16178787878787876
564,The One,0.16178787878787876
565,The Adventures of Ford Fairlane,0.06232142857142861
566,The Bone Collector,0.004137388376518806
567,Panic Room,0.09692946182170316
568,Three Kings,0.19091461259828604
569,Bedazzled,0.16666562604062604
570,3:10 to Yuma,0.1861255411255411
571,Out of Sight,0.1443070818070818
572,The Cable Guy,0.011437859713721783
573,Dick Tracy,0.175683088023088
574,The Thomas Crown Affair,0.2205234159779614
575,Mary Reilly,-0.009143518518518511
576,My Best Friend's Wedding,0.27452489177489175
577,Insomnia,0.06787569013112492
578,Insomnia,0.06787569013112492
579,Star Trek: First Contact,0.08620865610997189
580,Jonah Hex,0.08334027777777776
581,Courage Under Fire,0.1446831545979273
582,Liar Liar,0.07439509379509379
583,The Flintstones,0.14268578643578642
584,Scary Movie 3,-0.027536630036630035
585,Miss Congeniality,0.13564157196969695
586,Journey to the Center of the Earth,0.12262385366826155
587,The Princess Diaries 2: Royal Engagement,0.07977668388958709
588,The Pelican Brief,0.22106570758085917
589,The Bucket List,0.14475761307657856
590,Patriot Games,0.14396487813919007
591,Prisoners,0.02016501539697416
592,Galaxy Quest,0.10059523809523807
593,The Muppets,0.13487854737854738
594,Blade,0.0162916366041366
595,Changing Lanes,0.030305221777184397
596,Coyote Ugly,0.008950731807874677
597,A Bug's Life,0.21772727272727269
598,Tin Cup,0.16001285842869997
599,Blended,0.08625483558994197
600,Savages,0.05990614672066283
601,The Ant Bully,0.08626262626262625
602,The Pledge,-0.0027368523166842484
603,Bangkok Dangerous,-0.048995535714285686
604,Big Trouble,-0.018085424133811236
605,Love in the Time of Cholera,0.15879140239605355
606,Argo,0.12834104938271607
607,The Fugitive,0.19251174876174879
608,The Bounty Hunter,0.08284885895997005
609,Sleepers,0.17103989200763398
610,Finding Forrester,0.07003790105641956
611,The Sweetest Thing,0.05487263943785685
612,The Firm,0.0602219564061669
613,Charlie St. Cloud,0.11890933140933138
614,The Mechanic,0.13742913832199544
615,21 Jump Street,0.05959116982554478
616,Along Came Polly,0.07532059727711901
617,Boomerang,0.11559782400490365
618,The Heat,0.06931814713064713
619,Here Comes the Boom,0.15996913580246913
620,High Crimes,0.006524438158101546
621,The Mothman Prophecies,0.1679644951822371
622,One for the Money,0.07551310982162046
623,8 Mile,0.10391410969982398
624,A Knight's Tale,0.11003814404549697
625,The Sixth Sense,0.007265840220385666
626,Man on a Ledge,-0.08836513280957725
627,The Big Year,0.06893113579860566
628,American Hustle,0.07968327822658533
629,The Proposal,0.10239607614607615
630,Fifty Shades of Grey,0.12461813754427387
631,Spy Kids 3-D: Game Over,-0.01882802593029866
632,A Time to Kill,0.21122659222091045
633,Lone Survivor,0.131584929530135
634,A League of Their Own,0.16165289608837993
635,The Social Network,0.03400885813294573
636,Scream 3,0.08252886002886001
637,Get Hard,0.028415977961432512
638,Julie & Julia,0.1580514787831861
639,42,0.06053277674706247
640,The Talented Mr. Ripley,0.21048326673326676
641,Dumb and Dumber To,0.07065897065897064
642,The Intern,0.1395809359416954
643,Ride Along 2,0.14552556818181822
644,The Last of the Mohicans,0.08286012782694199
645,Vantage Point,0.12585470085470088
646,"I Love You, Man",0.21599963924963922
647,Shallow Hal,0.05359164644878931
648,17 Again,0.08182753284726971
649,The Other Woman,-0.024323343323343318
650,The Final Destination,-0.02902298850574713
651,Behind Enemy Lines,0.09182453102453099
652,Get Him to the Greek,0.08007320509679001
653,Shall We Dance?,0.13823728354978354
654,Small Soldiers,0.08152382267616641
655,Spawn,0.09908781694495979
656,The Count of Monte Cristo,0.1547748135398738
657,The Lincoln Lawyer,0.14490311276025558
658,The Prestige,0.12831715210355985
659,Horrible Bosses 2,-0.08604126370083817
660,Apocalypto,0.04222328424431229
661,Predators,-0.0460729746444032
662,The Lake House,0.1152027027027027
663,The Odd Life of Timothy Green,-0.04611566484517305
664,Jersey Boys,0.045395353535353504
665,Gothika,-0.0473953823953824
666,Amistad,0.1151266585717805
667,Music and Lyrics,0.21355485232067511
668,Paul,0.09180528375733854
669,The Guilt Trip,0.061839580873671765
670,Scream 4,0.08141025641025641
671,The Doors,0.07442287457912451
672,Sex Tape,0.08776111454682883
673,Final Destination 5,0.02803030303030304
674,Pay It Forward,0.07004107004107006
675,The Shadow,0.08416688398616111
676,Morning Glory,0.10100570161545769
677,The Island of Dr. Moreau,0.008758282533792737
678,Sweet November,0.16549737167594314
679,The Reaping,0.05462235133287766
680,Quest for Camelot,0.09270833333333332
681,Get Carter,0.11625577812018488
682,The Impossible,-0.06629844961240308
683,The Deep End of the Ocean,0.17539576088756412
684,Extreme Ops,0.006191148775894547
685,A Thousand Words,0.14051767676767674
686,Hackers,0.16521026592455162
687,The Crow,0.10126302083333334
688,The Time Traveler's Wife,0.0717920967920968
689,Because I Said So,0.11025020177562551
690,Frankenweenie,0.09826591604114543
691,Grudge Match,0.0359569466991342
692,Sweet Home Alabama,0.09607491447379087
693,The Ugly Truth,0.06998236331569657
694,Spy Kids 2: The Island of Lost Dreams,0.1652111777111777
695,Star Trek: Generations,0.11549242424242423
696,Water for Elephants,0.03462301587301587
697,The Hurricane,0.06463293650793651
698,Enough,0.03985178439446732
699,Paul Blart: Mall Cop 2,0.03092885375494072
700,Angel Eyes,0.06896029455553267
701,Extreme Measures,0.119691230486685
702,Rock Star,0.08932725927918236
703,Precious,0.12760797003221247
704,White Squall,0.07438175753393143
705,Riddick,0.1326970443349753
706,City of Ember,0.14361728395061726
707,The Master,0.07365584415584414
708,The 5th Wave,0.06158730158730159
709,Creed,0.2061868686868687
710,The Town,0.06556313694985572
711,Burn After Reading,0.05284552845528456
712,Nim's Island,0.1004101161995899
713,Magnolia,0.14984407567740898
714,Cop Out,0.12138419450919452
715,How to Be Single,0.07990353268131045
716,Dolphin Tale,0.09103535353535354
717,Twilight,0.10865343983373343
718,Twilight,0.10865343983373343
719,We're the Millers,0.08763033503293242
720,Breakdown,0.16155553551386884
721,Hot Tub Time Machine,0.07096511490168203
722,Dolphin Tale 2,0.2805465367965368
723,Reindeer Games,0.06825208607817304
724,Aloha,0.09419812071985988
725,The Rite,-0.019564414913252136
726,Isn't She Great,0.27206044823232334
727,Space Chimps,0.15029100529100525
728,Lethal Weapon 3,0.1095093795093795
729,The Blind Side,0.049744158759310264
730,Spy Kids,0.20771672771672764
731,Horrible Bosses,-0.08533889519326414
732,True Grit,0.09882511556240366
733,The Devil Wears Prada,0.1757336523125997
734,Identity Thief,0.07214267972464694
735,Cape Fear,0.10165284715284718
736,21,0.12773979107312441
737,Trainwreck,0.12615031265031262
738,L.A. Confidential,0.1122393925518925
739,Species,0.04684668701062143
740,Secretariat,0.11256575304540421
741,TMNT,0.1144723092998955
742,Radio,0.16292635658914728
743,Friends with Benefits,0.13479715307840306
744,Neighbors 2: Sorority Rising,0.09893267651888342
745,Malcolm X,0.05708099732689897
746,This Is 40,0.09709847444222443
747,Old Dogs,0.018568665377176007
748,Underworld: Rise of the Lycans,0.1097665847665848
749,Donnie Brasco,0.11743038285591474
750,Max Payne,-0.0006493506493506588
751,In Time,0.09628810425685427
752,The Back-Up Plan,0.17016169256428998
753,Something Borrowed,0.1677496798975672
754,J. Edgar,0.08909992784992786
755,Predator 2,0.13939594356261023
756,Untraceable,0.0017075517075517059
757,Jersey Girl,0.12885674931129476
758,Alex Cross,0.039593855218855216
759,Midnight in the Garden of Good and Evil,0.14631990638088194
760,Heist,0.10097460317460313
761,Abduction,0.035199485199485195
762,Superhero Movie,0.02824074074074073
763,Broken City,0.004849958882216956
764,Premium Rush,0.04296329596329596
765,Hot Pursuit,0.06900167084377613
766,Parker,0.12021736555318645
767,Lions for Lambs,0.06962129505232953
768,Walk Hard: The Dewey Cox Story,0.13266406064913527
769,American Outlaws,0.09785135499421212
770,Sabotage,0.06507936507936507
771,Zoom,0.16655844155844154
772,Zoom,0.16655844155844154
773,The Walk,0.09465847726157003
774,A Good Year,0.18730486685032136
775,Radio Flyer,0.09155568356374809
776,The Maze Runner,0.3184444444444445
777,Unfinished Business,0.04699074074074075
778,The Age of Innocence,0.1382758060429817
779,The Fountain,0.02900390625
780,Chill Factor,-0.01743686868686869
781,The Longest Ride,0.15696930102417908
782,The Astronaut's Wife,0.1765863765863766
783,A Few Good Men,0.1227132002132002
784,The Darkest Hour,0.14237390516460288
785,Snakes on a Plane,0.0846025186934278
786,Safe,0.22020202020202015
787,Safe,0.22020202020202015
788,Wanderlust,0.07892179369452094
789,Elf,0.15200797319441395
790,Phenomenon,0.13829458176232373
791,Nacho Libre,0.1029126794258373
792,Bridesmaids,0.2106106218175184
793,Stigmata,0.039345106113398795
794,Men of Honor,0.09712633857370699
795,Takers,0.024938775510204077
796,The Big Wedding,0.13801020408163264
797,"Big Mommas: Like Father, Like Son",0.1462987012987013
798,Alive,0.14832663989290493
799,The Incredible Burt Wonderstone,0.2743632111935684
800,Cats Don't Dance,0.12916666666666665
801,The Good German,0.15754487575916154
802,Going the Distance,0.08145375079465987
803,Mr. Holland's Opus,0.21489069264069263
804,Flight,0.0677138821630347
805,Arachnophobia,0.14532454948152623
806,Frequency,0.151540096082779
807,Vacation,0.14083694083694084
808,Chicago,0.09404417697686926
809,Big Daddy,0.17234705004591372
810,American Pie 2,0.037692068467930544
811,Toy Story,0.14738062932092783
812,Speed,0.062141482855768565
813,The Vow,0.049134460547504026
814,Extraordinary Measures,0.06874717322478517
815,Remember the Titans,0.051963896033044986
816,The Hunt for Red October,0.0144666730328495
817,The Addams Family,0.21154147818473656
818,Ace Ventura: When Nature Calls,0.15040343915343915
819,The Princess Diaries,0.14157604832977969
820,The First Wives Club,0.17558600713012476
821,District 9,-0.04871835591944287
822,Mystic River,0.06860082972582973
823,The Notebook,0.16632578040805884
824,27 Dresses,0.11951621073961499
825,Hannah Montana: The Movie,0.19266140238362459
826,The Prince of Tides,0.2175926058068915
827,Legends of the Fall,0.11369782480893591
828,Up in the Air,0.14314695915819506
829,About Schmidt,0.09201206553108726
830,Hope Springs,0.07164595462009257
831,Forgetting Sarah Marshall,0.09116130782797452
832,Baby Mama,0.09608302922735913
833,Bride Wars,0.03952934102934103
834,Without a Paddle,0.0653971028971029
835,Blow,0.07450897867564535
836,P.S. I Love You,0.19940091912917998
837,The Three Stooges,0.056738242817788276
838,Sicario,-0.026229946524064154
839,Southpaw,0.13634302205730775
840,Drag Me to Hell,-0.042383872741015606
841,The Age of Adaline,0.14194520391888812
842,Stranger Than Fiction,0.1048869126043039
843,The Cabin in the Woods,0.08042091836734692
844,Meet the Spartans,0.11041666666666665
845,Larry Crowne,0.05933222921859284
846,Carrie,-0.017300838574423483
847,Gridiron Gang,0.1373188405797101
848,9,0.05054964539007093
849,Side Effects,0.1115402454688169
850,Winnie the Pooh,0.20211725123834495
851,Dumb and Dumberer: When Harry Met Lloyd,0.006901817003857825
852,Bulworth,0.1632187257187257
853,Virtuosity,0.05649896978021978
854,My Super Ex-Girlfriend,0.1078409949838521
855,Sanctum,0.09873737373737373
856,Little Black Book,0.07919932079414839
857,The Five-Year Engagement,0.17161474164133741
858,The Next Three Days,0.07573499976725782
859,The Replacement Killers,0.03985474693021863
860,Fled,0.022115384615384613
861,88 Minutes,0.0719043479289381
862,The Whole Ten Yards,0.08473106060606063
863,Pride and Glory,0.08976536090172449
864,Alex & Emma,0.05736271986271986
865,Dead Man Down,0.025050505050505045
866,Pitch Perfect 2,0.16288481404958677
867,Keeping the Faith,0.13764367816091952
868,Confessions of a Dangerous Mind,-0.0348139880952381
869,The Boss,0.1081723317834429
870,Aladdin,0.16901585733107474
871,The Rugrats Movie,0.08389285006932067
872,Once Upon a Time in Mexico,0.07108441987906271
873,Role Models,0.012816666666666665
874,The Big Short,0.10795840175150521
875,Miracle,0.10536156381744614
876,Dawn of the Dead,0.03172412904555761
877,The Wedding Planner,0.09737862348621842
878,The Royal Tenenbaums,0.16911085169512133
879,Identity,-0.023761261261261237
880,Last Vegas,0.08580640589569163
881,Serendipity,0.14759431358115568
882,Safe Haven,0.1418686188025811
883,Hocus Pocus,0.06469766588187642
884,30 Minutes or Less,0.03125
885,"Alexander and the Terrible, Horrible, No Good, Very Bad Day",-0.030262970859985777
886,We Own the Night,0.06277204821322467
887,Just My Luck,0.09165917939502843
888,The Spy Next Door,0.14314236111111112
889,A Simple Wish,0.03348615464994776
890,Our Brand Is Crisis,0.1675362103174603
891,Pride and Prejudice and Zombies,0.17473118279569894
892,Kundun,0.166937787298612
893,Kick-Ass 2,-0.01562097977352214
894,Knocked Up,0.15604000115861433
895,My Sister's Keeper,0.07543526248883389
896,Welcome Home Roscoe Jenkins,0.17024410774410775
897,Rendition,0.05911339469591897
898,Kiss the Girls,0.07604938271604941
899,The Sisterhood of the Traveling Pants 2,0.10335227272727274
900,Lake Placid,0.12795638323940206
901,The Newton Boys,0.14291879251700682
902,Money Monster,0.05869532498564755
903,Flawless,0.1413093196112064
904,Flawless,0.1413093196112064
905,Paul Blart: Mall Cop,0.11579184704184702
906,Freaky Friday,0.16769228578439102
907,Shakespeare in Love,0.30350274725274734
908,A Walk Among the Tombstones,-0.026074893673577872
909,Kindergarten Cop,0.07769923941798941
910,Pineapple Express,0.11540404040404037
911,Open Range,0.08006678962664876
912,Flatliners,0.1362275132275132
913,Final Destination 2,0.0386641965000174
914,Legion,0.03348765432098765
915,Pain & Gain,0.014929151936727704
916,Clockstoppers,0.22568580542264757
917,Brothers,0.05389109347442681
918,New Year's Eve,0.0953839297956945
919,Flipper,0.13095037678371013
920,The Passion of the Christ,0.052321224922031354
921,Mrs. Doubtfire,0.15847953216374272
922,Gran Torino,0.08402032087872796
923,W.,0.09938391119583778
924,The Best of Me,0.18265230704255098
925,The Bodyguard,0.12045509342977698
926,Schindler's List,0.0910094246031746
927,Scooby-Doo 2: Monsters Unleashed,-0.014393939393939403
928,Jimmy Neutron: Boy Genius,0.04605654761904763
929,Cloverfield,0.05065763815763815
930,No Country for Old Men,0.049704393834828595
931,Ride Along,0.13194444444444445
932,Parental Guidance,0.13498234221918437
933,No Strings Attached,0.14943798449612403
934,Tombstone,0.09770959680050588
935,Romeo Must Die,0.09846474108769188
936,The Lucky One,0.08583858385838582
937,Bridge to Terabithia,0.1814033189033189
938,Contraband,0.07073207865580747
939,There Will Be Blood,0.09844450502847449
940,Undercover Brother,0.07542834358623833
941,The House Bunny,0.08491161616161617
942,Million Dollar Arm,0.17036641929499075
943,The Giver,0.07238421955403086
944,Jeepers Creepers 2,0.08816738816738819
945,Cradle 2 the Grave,0.1272653000594177
946,The Hours,0.12191179502103873
947,August Rush,0.25891465677179964
948,Elizabeth,0.1637784090909091
949,The Sitter,0.04851325757575757
950,The Shawshank Redemption,0.13919886697664466
951,Kingpin,-0.10215290661719231
952,The Gambler,0.14315545950962616
953,August: Osage County,0.06865407319952774
954,He Got Game,0.14842019092019085
955,Dear John,0.14626367438867435
956,The Losers,0.026944484087341226
957,Don't Be Afraid of the Dark,-0.03548669467787114
958,War,0.11013513513513513
959,Punch-Drunk Love,0.11625551531801528
960,The Box,0.08649315738025412
961,The Next Best Thing,0.149315946734425
962,My Soul to Take,0.009920634920634917
963,The Girl Next Door,0.14883456581732443
964,Maximum Risk,0.06823593073593073
965,Hot Rod,0.12445276004598038
966,Draft Day,0.1792365835222978
967,The Conspirator,0.00996485904968048
968,The 33,0.05777764738608112
969,Warrior,0.052631009341535674
970,Stop-Loss,0.020131865770163654
971,Brokedown Palace,0.003180395504339163
972,The Possession,0.14456779779360424
973,Mrs. Winterbourne,0.13144164862914862
974,Straw Dogs,0.05758918550585217
975,The Hoax,0.025338340111067375
976,The Road,-0.03216666666666667
977,The Road,-0.03216666666666667
978,Tank Girl,0.09168015873015872
979,Without Limits,0.1638888888888889
980,Me and Orson Welles,0.13425089403350274
981,Rocky Balboa,0.15675041228612657
982,Scream 2,0.11504472090409591
983,Jane Got a Gun,0.13986013986013987
984,Think Like a Man Too,0.148015873015873
985,Old School,0.1334053212704898
986,The Fisher King,0.09495544908166266
987,I Still Know What You Did Last Summer,0.03418604651162792
988,Return to Me,0.14676800472255017
989,Zack and Miri Make a Porno,0.1173423066131399
990,Ready to Rumble,0.07443437574034588
991,Play It to the Bone,0.05144809237401828
992,I Don't Know How She Does It,0.1133614557956663
993,Faster,0.03810763888888889
994,Zombieland,0.034374999999999996
995,The Waterboy,0.25599206349206344
996,Bad Boys,0.059613079952062976
997,Final Destination,0.0144705765932181
998,The Ides of March,0.12298749939199378
999,Pitch Black,0.05374257943702391
1000,Joy Ride,-0.005089018962258397
1001,Anywhere But Here,0.17169834995921954
1002,The End of the Affair,0.19098338293650788
1003,Harley Davidson and the Marlboro Man,0.10596518177163336
1004,In the Valley of Elah,0.016525280275280267
1005,1408,0.198859126984127
1006,Ghost,0.0721989257355111
1007,There's Something About Mary,0.13716094547080465
1008,The Santa Clause,0.09118480725623582
1009,The Rookie,0.12552470878557836
1010,The Rookie,0.12552470878557836
1011,The Game Plan,0.1257070707070707
1012,The Bridges of Madison County,0.17673806352377783
1013,The Animal,0.09696797911083622
1014,The Net,0.08192894345238093
1015,I Am Sam,0.10587016158444734
1016,Son of God,0.1116955266955267
1017,The Informant!,0.07893791658077375
1018,Delivery Man,0.1709455667789001
1019,Saving Silverman,0.11115709185329435
1020,Diary of a Wimpy Kid: Dog Days,0.12899038461538462
1021,Jay and Silent Bob Strike Back,0.10057720057720058
1022,The Glass House,0.04225915992220345
1023,"Hail, Caesar!",0.1592855020796197
1024,Homefront,0.0776388888888889
1025,Stone,0.05827594123048672
1026,Out of the Furnace,0.018793464599916217
1027,Michael Clayton,0.06738687238687237
1028,Silver Linings Playbook,0.10314677386105954
1029,For Colored Girls,0.08284025164866286
1030,The Transporter,0.07382987382987381
1031,Never Back Down,-0.007416666666666669
1032,The Rage: Carrie 2,0.2097184025125201
1033,Away We Go,0.08946082007879762
1034,Swing Vote,0.05781776094276095
1035,Moonlight Mile,0.10237315875613745
1036,Home Alone 2: Lost in New York,0.07268460705960707
1037,Pulse,0.12234848484848487
1038,Bringing Down the House,0.11102721567837846
1039,The Silence of the Lambs,0.2430654052564165
1040,Wayne's World,0.1481120731120731
1041,Jackass 3D,-0.017766274605897248
1042,Beverly Hills Chihuahua,0.09458503170289856
1043,The Conjuring,0.11434765589020907
1044,Are We There Yet?,0.04901751893939394
1045,Tammy,0.13176719576719575
1046,Mortal Kombat,0.022411372411372407
1047,White Chicks,0.155954071969697
1048,The Descendants,0.057734066528709375
1049,12 Years a Slave,0.07818447409982841
1050,Drumline,0.19930303030303032
1051,Edward Scissorhands,0.15909580498866208
1052,Me Before You,0.14355484940591323
1053,Bad Moms,-0.012048611111111086
1054,Premonition,0.033307797971259503
1055,The Tigger Movie,0.21197111631537865
1056,Max,0.15277777777777773
1057,Epic Movie,0.13233317136378356
1058,Lakeview Terrace,0.014553352053352061
1059,The Grudge 2,0.02065217391304348
1060,How Stella Got Her Groove Back,0.13823158051099227
1061,Man of the Year,0.08197389952544594
1062,Man of the Year,0.08197389952544594
1063,Selena,0.17337848932676517
1064,Vampires Suck,0.022448729721456992
1065,Doubt,0.10780910369517965
1066,Texas Chainsaw 3D,0.1156356801093643
1067,Scary Movie 5,0.04493386243386242
1068,Milk,0.1121761431845465
1069,Risen,-0.08976190476190475
1070,Wild Things,0.13753240533412947
1071,The Debt,0.10085470085470088
1072,The Debt,0.10085470085470088
1073,Eternal Sunshine of the Spotless Mind,0.16469511128602038
1074,You Again,0.013055555555555546
1075,Street Kings,-0.04929620817778711
1076,Daybreakers,0.12738095238095243
1077,She's Out of My League,0.1661458333333333
1078,Alpha and Omega,0.07026748971193415
1079,The Covenant,0.05107838589981447
1080,To Die For,0.1878806815894728
1081,Nerve,0.09252450980392155
1082,Appaloosa,0.09143164841694254
1083,My Best Friend's Girl,0.04946236559139784
1084,Endless Love,0.13721343873517788
1085,Simon Birch,0.06384806713754083
1086,Reign Over Me,0.08334115683513273
1087,Into the Wild,0.12545935545935544
1088,School for Scoundrels,0.019318181818181825
1089,From Dusk Till Dawn,0.008088860544217693
1090,Home for the Holidays,0.11790817004632796
1091,21 Grams,0.1054010251771446
1092,A Guy Thing,-0.0026129943502824814
1093,Capitalism: A Love Story,0.17895890725436184
1094,Disaster Movie,0.18820833333333334
1095,Armored,-0.04786877394636013
1096,The Man Who Knew Too Little,0.008740556828792122
1097,What's Your Number?,0.06276830808080809
1098,Crank: High Voltage,0.06796428571428573
1099,The Quiet American,0.08085188620902911
1100,Undisputed,0.06779213263588262
1101,12 Rounds,-0.05057765151515151
1102,Triple 9,-0.03918792517006802
1103,Deconstructing Harry,0.09285888714460142
1104,Burnt,0.14132081686429512
1105,Death Sentence,-0.04846560846560847
1106,Code Name: The Cleaner,0.11606135799684186
1107,Connie and Carla,0.08283301158301157
1108,Inherent Vice,0.028994708994709007
1109,An American Carol,0.10067640692640692
1110,Machete Kills,-0.025916518122400464
1111,Strange Wilderness,0.11231060606060608
1112,A Scanner Darkly,0.09606187252463846
1113,Bandslam,0.2431293706293706
1114,The Cold Light of Day,-0.05908674658674659
1115,The Brothers Bloom,0.10280247051798774
1116,Marci X,0.05631834215167549
1117,Equilibrium,0.10783018151439201
1118,Rapa Nui,0.11289017999544318
1119,Bad Teacher,0.10104040404040408
1120,Scream,0.011052932472424008
1121,The Switch,0.1664531680440771
1122,The Crazies,0.034401515151515155
1123,Sex Drive,0.11671052631578949
1124,Take Me Home Tonight,0.053311965811965824
1125,Won't Back Down,0.018587157287157284
1126,Fear and Loathing in Las Vegas,0.03579386299974535
1127,The Invention of Lying,0.09222955486542443
1128,Neighbors,0.08683676592767499
1129,The Mask,0.14622116370471636
1130,Legally Blonde,0.09668495297805639
1131,Deuce Bigalow: Male Gigolo,-0.012662601626016257
1132,Left Behind,0.09180107526881723
1133,Diary of a Wimpy Kid: Rodrick Rules,0.05555555555555555
1134,Prom Night,0.03362121212121212
1135,Mean Girls,0.13448474645444347
1136,Birdman,0.12085550049365834
1137,Blue Jasmine,0.053402718874416985
1138,Honey,0.17245370370370366
1139,Soul Surfer,0.3543290043290044
1140,Observe and Report,0.008693703956861856
1141,Center Stage,0.10216854960757403
1142,Love the Coopers,0.17530864197530868
1143,Catch That Kid,0.08977272727272728
1144,Steve Jobs,0.15020592833092833
1145,Ed Wood,0.22668879268879266
1146,Labor Day,0.06669693301049234
1147,Labor Day,0.06669693301049234
1148,Midnight Special,0.15970041862899004
1149,Superbad,0.08747028274255997
1150,Black Nativity,0.08497624309312618
1151,I Know What You Did Last Summer,0.07743055555555556
1152,Let's Be Cops,0.10998217468805704
1153,Beerfest,0.0979166666666667
1154,The Best Man Holiday,0.011697722567287771
1155,A Night at the Roxbury,0.09007034632034631
1156,Beastly,0.1260582251082251
1157,"McFarland, USA",0.12333599149388619
1158,Pitch Perfect,0.26581439393939393
1159,Summer Catch,0.1690340909090909
1160,Brooklyn's Finest,0.12765488215488216
1161,The Apparition,0.0707516339869281
1162,Sydney White,0.06709090909090909
1163,House of Sand and Fog,0.03960187539732995
1164,Road Trip,0.03807094704982028
1165,The Unborn,-0.008547008547008557
1166,Moonrise Kingdom,0.1066496205236663
1167,The Young Messiah,0.007787878787878784
1168,Baby Boy,0.04704042302726513
1169,The Roommate,0.03801088617265088
1170,Joe Dirt,0.08643378226711564
1171,Double Impact,0.16536945812807877
1172,The Women,0.14111626468769323
1173,Vicky Cristina Barcelona,0.13863478535353538
1174,Boys and Girls,0.14845679012345678
1175,Jennifer's Body,0.06366442199775534
1176,Drowning Mona,0.007884740259740265
1177,Philadelphia,0.14823392333472982
1178,The Thirteenth Floor,0.13217054263565894
1179,Detroit Rock City,0.03973587223587225
1180,Things We Lost in the Fire,0.05695175195175196
1181,Steel,0.07665289256198347
1182,The Immigrant,0.07708483645983644
1183,Soul Plane,0.013349403122130394
1184,Slow Burn,0.005026455026455022
1185,Home Alone,0.08936611333871607
1186,American Beauty,0.06823989898989898
1187,Why Did I Get Married?,0.10958646616541352
1188,Big Fat Liar,0.10659382040960985
1189,Wag the Dog,0.12216837045150299
1190,The Lizzie McGuire Movie,0.19277296777296776
1191,Snitch,-0.03192053317053318
1192,Krampus,-0.0011675824175824306
1193,The Faculty,-0.056484262265512265
1194,Cop Land,0.059710900210900204
1195,Not Another Teen Movie,0.05357677902621723
1196,End of Watch,0.07730524946434035
1197,Where the Heart Is,0.12507826448504414
1198,Where the Heart Is,0.12507826448504414
1199,Wild,0.09743823000898469
1200,The Last House on the Left,0.12772988505747127
1201,Halloween: Resurrection,0.04571185617103985
1202,The Great Debaters,0.1672093134442532
1203,Drive,0.052827466035013176
1204,The Object of My Affection,0.15983177361853831
1205,Love & Basketball,0.13993615667957773
1206,Grosse Pointe Blank,0.15087713873428163
1207,All About Steve,0.09259259259259259
1208,The Craft,0.029837662337662354
1209,Boogie Nights,0.11605267951421795
1210,The Marine,-0.004444444444444443
1211,Keanu,0.112739333634856
1212,Country Strong,0.08427890011223343
1213,The Place Beyond the Pines,0.11450151254368117
1214,The Hurt Locker,0.07073811710175348
1215,Killing Them Softly,0.0288243006993007
1216,U2 3D,0.06381922675026122
1217,Highlander: Endgame,0.05951493861329927
1218,Whip It,0.12457608875641661
1219,Knockaround Guys,-0.05726572447160682
1220,Home Fries,0.0825757575757576
1221,Whatever It Takes,0.19644813519813514
1222,The Rocker,0.0707923520923521
1223,Post Grad,0.16379870129870128
1224,The In Crowd,0.12266260162601626
1225,Idle Hands,-0.05517857142857143
1226,Things to Do in Denver When You're Dead,0.10202112827112826
1227,Groundhog Day,0.1510537323037323
1228,Magic Mike XXL,0.1866751421269493
1229,Unforgiven,0.09282444985569985
1230,Pretty Woman,0.16902388583638583
1231,My Bloody Valentine,-0.0002727272727272734
1232,Stomp the Yard,0.1567307692307692
1233,White Fang,0.10566558441558441
1234,Poetic Justice,0.16978298487227064
1235,All About the Benjamins,-0.015951771233461372
1236,A Perfect Getaway,0.11555098605098602
1237,Our Family Wedding,-0.03997113997113997
1238,Jason X,0.12492559851050415
1239,Head Over Heels,0.1214424288233812
1240,Fun Size,0.21127651515151516
1241,Little Children,0.08483495670995674
1242,Gossip,0.02600484006734007
1243,Jefferson in Paris,0.1458198330878743
1244,Flipped,0.07520053475935831
1245,Hot Tub Time Machine 2,0.06078308596165737
1246,Justin Bieber: Never Say Never,0.13602813852813853
1247,Black Swan,0.10440720478122048
1248,Save the Last Dance,0.12987048182170133
1249,St. Vincent,0.15066419691419686
1250,About Last Night,0.08826949145130962
1251,The Shallows,0.13458382526564347
1252,Baby Geniuses,0.011081932773109234
1253,The Big Hit,0.05967741935483873
1254,Child's Play 2,0.11647591991341988
1255,No Good Deed,-0.04965277777777777
1256,The Mist,0.09538239538239539
1257,Being John Malkovich,0.2503035148930671
1258,Earth to Echo,0.04558982683982685
1259,Crazy/Beautiful,0.05777991152991153
1260,Woo,0.04629103535353535
1261,Serial Mom,0.16251526251526252
1262,54,0.14782550782550785
1263,Admission,0.14883016208597602
1264,Faithful,0.0413617305126739
1265,The Perks of Being a Wallflower,0.1806608639587363
1266,Infamous,0.08886456327177977
1267,The Call,-0.02596431346431346
1268,I Love You Phillip Morris,0.19560240963855413
1269,Antwone Fisher,0.14769792645898838
1270,True Romance,0.11071855265403649
1271,Glengarry Glen Ross,0.03641323953823955
1272,Sorority Row,-0.08252873563218388
1273,Lars and the Real Girl,0.06852657651626724
1274,The Funeral,0.06975328375328377
1275,Solitary Man,0.188773681515617
1276,Machete,0.08449954086317722
1277,The Perfect Game,0.15357142857142858
1278,American Pie,0.09846024258760107
1279,Ace Ventura: Pet Detective,0.04621212121212122
1280,Act of Valor,0.15748022092849678
1281,Step Up,0.10144444444444443
1282,Jackie Brown,0.1767060254560254
1283,Chronicle,0.07841872970779225
1284,Crossroads,0.13925732232961152
1285,Project X,0.12051020408163267
1286,One Hour Photo,0.21146077817764558
1287,Quarantine,0.015668767507002797
1288,The Eye,0.09038311688311687
1289,Johnson Family Vacation,0.022395833333333344
1290,How High,0.16805026763360098
1291,The Muppet Christmas Carol,0.14965445269016694
1292,Katy Perry: Part of Me,0.19218934003416763
1293,The Fault in Our Stars,0.158557664018829
1294,Rounders,0.0909254582865694
1295,Top Five,0.15462714722918808
1296,Stir of Echoes,0.11651366607248959
1297,Paper Towns,0.16022415940224152
1298,My Baby's Daddy,0.10953927025355598
1299,Nebraska,0.06604127461685598
1300,Max Keeble's Big Move,-0.056010101010100996
1301,Young Adult,0.050158214801071896
1302,Crank,0.012641439020749374
1303,Living Out Loud,0.12946914720499625
1304,Just Wright,0.24405792620078334
1305,Project Almanac,0.1226388888888889
1306,For Your Consideration,0.06581207831207832
1307,Running with Scissors,0.05311363636363636
1308,From Justin to Kelly,0.24193722943722945
1309,Girl 6,0.15951634014134017
1310,Heaven is for Real,0.17379032258064514
1311,Dirty Grandpa,-0.19182692307692306
1312,The Fighter,0.1078772379883491
1313,My Cousin Vinny,0.08712889767237592
1314,If I Stay,0.11294712174877464
1315,Phone Booth,-0.03632542128304841
1316,A Walk to Remember,0.016589026915113877
1317,Dead Man Walking,-0.019809990662931844
1318,Cruel Intentions,-0.06641652372784447
1319,The Secret Life of Bees,-0.08372206025267251
1320,Corky Romano,0.142932822008909
1321,Raising Cain,0.16639345839345834
1322,Out Cold,0.12017973856209148
1323,The Ladies Man,0.11104853196689929
1324,What's Eating Gilbert Grape,0.06621956746956748
1325,The Perez Family,0.05290404040404041
1326,Inside Llewyn Davis,0.07650323010323007
1327,O,0.02905937683715461
1328,Saw V,0.007690746753246755
1329,In the Land of Women,0.15127428127428127
1330,Saw III,0.04597107438016528
1331,Bring It On,0.12072188449848024
1332,She's All That,0.10663265306122452
1333,Saw IV,0.05199999999999999
1334,Madea's Family Reunion,0.10576298701298702
1335,The Mighty Ducks,0.13528076329800467
1336,Happy Gilmore,0.24478935698447896
1337,Recess: School's Out,0.08302641802641803
1338,The Boy,0.04611111111111111
1339,Devil,-0.09154589371980675
1340,Friday After Next,0.05836448104740788
1341,Dogma,0.19242597607071293
1342,A Low Down Dirty Shame,-0.06783799533799534
1343,Swimfan,0.027464715649647163
1344,Employee of the Month,-0.06096681096681095
1345,Can't Hardly Wait,0.16814033189033187
1346,Pete's Dragon,0.04434523809523809
1347,Sinister 2,-0.03706980519480519
1348,Sparkle,0.06716934974747477
1349,The Fourth Kind,0.06605832076420311
1350,Rushmore,0.23254268879268875
1351,Skyline,-0.03294312169312169
1352,Mo' Better Blues,0.1534143660322906
1353,Tremors,0.08057960557960557
1354,The Corruptor,0.07827159179618196
1355,Mud,0.10809275184275183
1356,The Gift,-0.026345598845598832
1357,The Gift,-0.026345598845598832
1358,Office Space,0.035975609756097565
1359,Drop Dead Gorgeous,0.08943278943278943
1360,Very Bad Things,-0.05831820353559484
1361,MacGruber,0.14212965001100591
1362,Seeking a Friend for the End of the World,0.07547233700642793
1363,Cedar Rapids,0.11045196866625438
1364,American History X,0.046445568320568315
1365,The Collection,-0.06706349206349208
1366,Bad Words,-0.012344104308390011
1367,Black or White,-0.024558974358974344
1368,Rescue Dawn,0.13411689534570886
1369,Danny Collins,0.09160888546481767
1370,The Forest,0.08238636363636363
1371,While We're Young,0.1640967978100332
1372,Gun Shy,0.04699280753968253
1373,The Joneses,0.14818948412698413
1374,Adventureland,0.03773726273726274
1375,Next Friday,0.09413419913419917
1376,The Runaways,0.18580447330447328
1377,Set It Off,0.10163629902435872
1378,The Best Man,0.12050461975835108
1379,Sicko,0.05808053836091219
1380,Harold & Kumar Go to White Castle,0.06334580274797666
1381,Boiler Room,0.09439443132624949
1382,Chasing Papi,0.06421556838223502
1383,The Way of the Gun,0.1227881493506493
1384,Igby Goes Down,0.10195340594150117
1385,PCU,0.04795612373737373
1386,Gracie,0.22352121212121215
1387,Princess Kaiulani,0.06338084991931146
1388,Awake,0.03823529411764706
1389,Crazy Heart,-0.012238355780022423
1390,Baggage Claim,0.15555555555555553
1391,The DUFF,-0.025637254901960806
1392,Glitter,0.13581264123716952
1393,Pulp Fiction,0.11998103748103747
1394,Nightcrawler,0.00223530061892131
1395,Little Miss Sunshine,0.11783383021590565
1396,50/50,0.08981438812083972
1397,That Awkward Moment,0.04008316008316008
1398,Drive Me Crazy,0.15971574344023326
1399,Half Baked,0.10877678607941765
1400,Enough Said,0.11272221184091688
1401,Easy A,0.16942010169858274
1402,The Inkwell,0.07026719349832557
1403,Prom,0.08815151515151515
1404,Showdown in Little Tokyo,-0.1037087912087912
1405,It's Kind of a Funny Story,0.1408568696675493
1406,Prefontaine,0.09483648170011806
1407,Begin Again,0.0806480451366815
1408,Hostel: Part II,0.12408008658008657
1409,Extract,0.10146294433266263
1410,Juno,0.17943867243867243
1411,(500) Days of Summer,0.14216487535453048
1412,Magic Mike,0.13648053985944608
1413,Jumping the Broom,0.056969246031746044
1414,Desperado,0.1884723492469971
1415,Michael Jordan to the Max,0.10545472287275565
1416,Devil's Due,-0.011494755244755257
1417,Dope,0.026396574440052705
1418,In Too Deep,0.04779411764705882
1419,A Serious Man,0.018983957219251345
1420,Beyond the Lights,0.1521441610598237
1421,Outside Providence,0.21062480088454116
1422,The Other Side of Heaven,0.08630735930735933
1423,Auto Focus,0.038301460853007244
1424,Annabelle,0.15266439909297053
1425,Go,0.07649911816578484
1426,Bats,-0.046557271557271566
1427,The Messenger,0.04386770051327014
1428,Mallrats,0.0755785268652916
1429,The Wood,0.03192675603965927
1430,The Wrestler,0.017206554338907276
1431,Daddy Day Camp,0.05984848484848484
1432,A Mighty Wind,0.15894800991888364
1433,200 Cigarettes,0.23324099068779913
1434,The Words,0.12125803489439849
1435,City Island,0.07573484848484846
1436,College,-0.0616326530612245
1437,The Virgin Suicides,0.16174580627705626
1438,Wish I Was Here,0.1460965588084232
1439,Simply Irresistible,0.19728956228956226
1440,Only the Strong,0.07435802469135801
1441,Novocaine,-0.03376190476190476
1442,The Wackness,0.1121918924696702
1443,Crossover,-0.06428571428571428
1444,10 Cloverfield Lane,0.03705357142857142
1445,Jackass: The Movie,-0.1330563492063492
1446,Lights Out,0.07298136645962731
1447,Paranormal Activity 3,0.019349206349206335
1448,Freddy's Dead: The Final Nightmare,0.11323125872306199
1449,Monster,-0.03127694859038143
1450,Paranormal Activity: The Marked Ones,0.08459595959595959
1451,Dallas Buyers Club,0.10880427170868348
1452,The Lazarus Effect,0.041098484848484856
1453,Memento,0.048955360116074396
1454,Oculus,0.10471230158730156
1455,Clerks II,0.09287344104308391
1456,Our Idiot Brother,0.04226928374655647
1457,"As Above, So Below",0.015942028985507253
1458,Still Alice,0.1333158263305322
1459,Halloween: The Curse of Michael Myers,-0.009157986111111106
1460,Lone Star,0.11303446553446556
1461,Sunshine Cleaning,0.11516757436112267
1462,No Escape,0.018576388888888892
1463,No Escape,0.018576388888888892
1464,Fifty Shades of Black,0.046517857142857146
1465,Made,0.00018494468494466317
1466,Bottle Shock,0.11762766554433221
1467,90 Minutes in Heaven,0.08385416666666667
1468,Zero Effect,0.11730855564188894
1469,Rabbit Hole,-0.036925605644355666
1470,Green Room,-0.04905501125380645
1471,Bottle Rocket,0.09341685867895545
1472,The Visit,0.09163216011042097
1473,The Visit,0.09163216011042097
1474,Sling Blade,-0.09104324494949494
1475,25th Hour,0.0742407189202061
1476,Moms' Night Out,0.09455291732077446
1477,Donnie Darko,0.08566487240829343
1478,Monster's Ball,0.003317793317793324
1479,Leaving Las Vegas,0.027236286919831227
1480,The Boy Next Door,-0.0065073815073814914
1481,The Kids Are All Right,0.15578299529688414
1482,The Last Exorcism Part II,0.12341991341991342
1483,Boyhood,0.13614675108319177
1484,The Wash,0.08500831433523744
1485,3 Strikes,0.009338235294117658
1486,Four Rooms,0.010641467585912024
1487,Secretary,0.056534653465346536
1488,You Kill Me,0.0955122063728621
1489,The Art of Getting By,0.1268963085007861
1490,Friday,0.035710101010101004
1491,Menace II Society,0.02819694361863037
1492,Choke,0.1142727272727273
1493,Adam,0.17105780022446687
1494,Paranormal Activity 2,0.1469090909090909
1495,Bowling for Columbine,0.06619817051635235
1496,Sinister,0.015131578947368414
1497,Martin Lawrence Live: Runteldat,0.04478609625668449
1498,Spaced Invaders,0.029015819571375126
1499,Trippin',0.13209507612568838
1500,Jawbreaker,0.07634196628988295
1501,Basquiat,0.12526504285540427
1502,Happiness,0.19207364341085273
1503,Tusk,0.07506172839506174
1504,A Haunted House,0.052450980392156864
1505,That Thing You Do!,0.22308992346938777
1506,Garden State,0.1378165965489909
1507,The Spectacular Now,0.19140909090909086
1508,Get on the Bus,0.16381461675579323
1509,"Dancer, Texas Pop. 81",0.1425
1510,Mi America,0.11136363636363635
1511,It Follows,-0.02387612387612387
1512,Boys Don't Cry,0.14615993459277044
1513,Courageous,0.22326388888888893
1514,American Splendor,0.11118879828182154
1515,Before Sunset,0.10596537572344021
1516,Thirteen,0.08639394876407862
1517,Winter's Bone,0.054994873547505145
1518,Inside Job,0.09688970449840016
1519,Harsh Times,-0.07159569694780964
1520,Full Frontal,0.11967109022664575
1521,Shortbus,0.16645346320346316
1522,The Diary of a Teenage Girl,0.16553822295201606
1523,The Virginity Hit,0.1220308346624136
1524,Six-String Samurai,0.029267676767676776
1525,Stonewall,0.13509857612267248
1526,Stonewall,0.13509857612267248
1527,The Last Exorcism,0.06384408602150538
1528,Higher Ground,0.12263688907710646
1529,Kids,0.05582203615098353
1530,Kissing Jessica Stein,0.1350781163281163
1531,Buffalo '66,0.05697375541125541
1532,Insidious,0.09203323558162266
1533,The To Do List,0.13323523250942604
1534,Super Troopers,-0.010929951690821246
1535,Airborne,0.028356290174471988
1536,Unfriended,0.1695626477541371
1537,Chernobyl Diaries,0.07661290322580645
1538,Blue Valentine,0.07567544063079776
1539,The Devil Inside,0.12083333333333332
1540,An Inconvenient Truth,-0.015488466009299337
1541,The Sessions,0.1294747591118559
1542,Who Killed the Electric Car?,0.10320380677523534
1543,Brigham City,0.01617049617049618
1544,Fruitvale Station,0.04521653314756762
1545,Ruby in Paradise,0.10397676767676771
1546,Raising Victor Vargas,0.07539917027417027
1547,Hoop Dreams,0.05357213438735175
1548,Half Nelson,0.08275297619047617
1549,The Blair Witch Project,0.041205837173579105
1550,Fireproof,0.10748069498069497
1551,Open Water,0.10904860291223925
1552,The Station Agent,0.16634120710207667
1553,Beyond the Mat,0.05715630885122413
1554,Good Kill,0.09007828282828284
1555,Napoleon Dynamite,0.06901142573273719
1556,Paranormal Activity,-0.03759497821997822
1557,What Happens in Vegas,0.019143939393939394
1558,Tupac: Resurrection,0.11773909159623448
1559,The Prophecy,-0.01683956287614825
1560,"First Love, Last Rites",0.08970800033300033
1561,Chasing Amy,0.16645413044666776
1562,Lovely & Amazing,0.18938192422234973
1563,The Grace Card,0.1898351648351648
1564,Tadpole,0.16337472264891617
1565,The Birth of a Nation,0.06212428669815033
1566,The Gallows,0.020693877551020406
1567,Pi,0.04801594801594801
1568,Super Size Me,0.11086082342411457
